DROP TABLE IF EXISTS WEARINGS_QUESTIONS; CREATE TABLE WEARINGS_QUESTIONS( ID VARCHAR PRIMARY KEY, q1_en VARCHAR, q1_de VARCHAR);Insert Into WEARINGS_QUESTIONS values('none','Does your character wear no ?','Trägt deine Figur keinen Schmuck/Hut/etc.?'),('hat','Does your character wear a hat?','Trägt deine Figur einen Hut?'),('glasses','Does your character wear glasses?','Trägt deine Figur eine Brille?'),('necklace','Does your character wear a necklace?','Trägt deine Figur eine Halskette?'),('wig','Does your character wear a wig?','Trägt deine Figur eine Perücke?'),('bow','Does your character wear a bow?','Trägt deine Figur eine Schleife?'),('beard','Does your character wear a beard?','Trägt deine Figur einen Bart?'),('bone','Does your character wear a bone?','Trägt deine Figur einen Knochen?');DROP TABLE IF EXISTS FAT_QUESTIONS; CREATE TABLE FAT_QUESTIONS( ID BOOL PRIMARY KEY, q1_en VARCHAR, q1_de VARCHAR);Insert Into FAT_QUESTIONS values(true,'Is your character fat?','Ist deine Figur übergewichtig?'),(false,'Is your character thin?','Ist deine Figur dünn?');DROP TABLE IF EXISTS MOESBAR_QUESTIONS; CREATE TABLE MOESBAR_QUESTIONS( ID BOOL PRIMARY KEY, q1_en VARCHAR, q1_de VARCHAR);Insert Into MOESBAR_QUESTIONS values(true,'Is your character a habitue in Moe''s bar?','Ist deine Figur Stammgast bei Moe''s Bar?'),(false,'Does your character abstain from Moe''s bar?','Meidet deine Figur Moe''s Bar?');DROP TABLE IF EXISTS CHARACTER_QUESTIONS; CREATE TABLE CHARACTER_QUESTIONS( ID VARCHAR PRIMARY KEY, q1_en VARCHAR, q1_de VARCHAR);Insert Into CHARACTER_QUESTIONS values('alcoholic','Is your character alcoholic?','Ist deine Figur alkoholiker?'),('athletic','Is your character athletic?','Ist deine Figur sportlich?'),('bold','Is your character boldly?','Ist deine Figur dreist?'),('conceited','Is your character conceited?','Ist deine Figur eingebildet?'),('cool','Is your character cool?','Ist deine Figur cool?'),('corrupt','Is your character corrupt?','Ist deine Figur korrupt?'),('crazy','Is your character crazy?','Ist deine Figur verrückt?'),('democrat','Is your character a democrat?','Ist deine Figur ein Demokrat?'),('dumb','Is your character dumb?','Ist deine Figur blöd?'),('evil','Is your character evil?','Ist deine Figur böse?'),('exactly','Is your character exactly?','Ist deine Figur sehr genau?'),('failure','Is your character a failure?','Ist deine Figur ein Versager?'),('frustrated','Is your character frustrated?','Ist deine Figur frustriert?'),('gossip','Is your character a gossip?','Tratscht deine Figur gerne?'),('grumpy','Is your character grumpy?','Ist deine Figur mürrisch?'),('honest','Is your character honestly?','Ist deine Figur ehrlich?'),('annoying','Is your character a annoying?','Ist deine Figur lästig?'),('lazy','Is your character lazy?','Ist deine Figur faul?'),('loyal','Is your character loyal?','Ist deine Figur treu?'),('opportunism','Is your character an opportunist?','Ist deine Figur ein opportunist?'),('overprotective','Is your character very careful / overprotective?','Ist deine Figur sehr vorsichtig / übervorsichtig?'),('republican','Is your character a republican?','Ist deine Figur ein Republikaner?'),('sane','Is your character rather normal?','Ist deine Figur eher normal/Keine Besondere Eigenschaft?'),('sarcastic','Is your character sarcastic?','Ist deine Figur sarkastisch?'),('serious','Is your character seriously?','Ist deine Figur ernst?'),('silent','Is your character silent?','Ist deine Figur still?'),('smart','Is your character smart?','Ist deine Figur clever?'),('stingy','Is your character stingy?','Ist deine Figur geizig?'),('temperament','Is your character spirited?','Ist deine Figur temperamentvoll?'),('victim','Is your character a victim?','Ist deine Figur eher ein Opfer?');DROP TABLE IF EXISTS MARRIED_QUESTIONS; CREATE TABLE MARRIED_QUESTIONS( ID BOOL PRIMARY KEY, q1_en VARCHAR, q1_de VARCHAR);Insert Into MARRIED_QUESTIONS values(true,'Is your character married?','Ist deine Figur verheiratet?'),(false,'Is your character single?','Ist deine Figur ledig?');DROP TABLE IF EXISTS AMERICAN_QUESTIONS; CREATE TABLE AMERICAN_QUESTIONS( ID BOOL PRIMARY KEY, q1_en VARCHAR, q1_de VARCHAR);Insert Into AMERICAN_QUESTIONS values(true,'Is your character american?','Ist deine Figur Amerikaner?'),(false,'Is your character foreigner/non-american?','Ist deine Figur Ausländer bzw kein Amerikaner?');DROP TABLE IF EXISTS HOMOSEXUAL_QUESTIONS; CREATE TABLE HOMOSEXUAL_QUESTIONS( ID BOOL PRIMARY KEY, q1_en VARCHAR, q1_de VARCHAR);Insert Into HOMOSEXUAL_QUESTIONS values(true,'Is your character homosexual?','Ist deine Figur homosexuell?'),(false,'Is your character hetrosexual?','Ist deine Figur hetrosexuell?');DROP TABLE IF EXISTS SMOKES_QUESTIONS; CREATE TABLE SMOKES_QUESTIONS( ID BOOL PRIMARY KEY, q1_en VARCHAR, q1_de VARCHAR);Insert Into SMOKES_QUESTIONS values(true,'Does your character smoke?','Raucht deine Figur?'),(false,'Is your character a nonsmoker?','Ist dein Charakter nichtraucher?');DROP TABLE IF EXISTS RELIGOUS_QUESTIONS; CREATE TABLE RELIGOUS_QUESTIONS( ID BOOL PRIMARY KEY, q1_en VARCHAR, q1_de VARCHAR);Insert Into RELIGOUS_QUESTIONS values(true,'Is your character religious?','Ist dein Character religiös?'),(false,'Is your character non religious?','Ist dein Character ungläubig?');DROP TABLE IF EXISTS HAIRCOLOR_QUESTIONS; CREATE TABLE HAIRCOLOR_QUESTIONS( ID VARCHAR PRIMARY KEY, q1_en VARCHAR, q1_de VARCHAR);Insert Into HAIRCOLOR_QUESTIONS values('red','Is the haircolor of your character red?','Hat dein Character rote Haare?'),('green','Is the haircolor of your character green?','Hat dein Character grüne Haare?'),('yellow','Is the haircolor of your character yellow?','Hat dein Character gelbe Haare?'),('brown','Is the haircolor of your character brown?','Hat dein Character braune Haare?'),('bald','Is the haircolor of your character bald?','Hat dein Character keine Haare?'),('white','Is the haircolor of your character white?','Hat dein Character weiße Haare?'),('blue','Is the haircolor of your character blue?','Hat dein Character blaue Haare?'),('blonde','Is the haircolor of your character blonde?','Hat dein Character blonde Haare?'),('orange','Is the haircolor of your character orange?','Hat dein Character orangene Haare?'),('grey','Is the haircolor of your character grey?','Hat dein Character graue Haare?'),('black','Is the haircolor of your character black?','Hat dein Character schwarze Haare?');DROP TABLE IF EXISTS SKINCOLOR_QUESTIONS; CREATE TABLE SKINCOLOR_QUESTIONS( ID VARCHAR PRIMARY KEY, q1_en VARCHAR, q1_de VARCHAR);Insert Into SKINCOLOR_QUESTIONS values('white','Is the skincolor of your character white?','Hat dein Character weiße Haut?'),('blue','Is the skincolor of your character blue?','Hat dein Character blaue Haut?'),('green','Is the skincolor of your character green?','Hat dein Character grüne Haut?'),('yellow','Is the skincolor of your character yellow?','Hat dein Character gelbe Haut?'),('dark','Is the skincolor of your character dark?','Hat dein Character dunkele Haut?'),('brown','Is the skincolor of your character brown?','Hat dein Character braune Haut?'),('black','Is the skincolor of your character black?','Hat dein Character schwarze Haut?');DROP TABLE IF EXISTS FAMOUS_QUESTIONS; CREATE TABLE FAMOUS_QUESTIONS( ID BOOL PRIMARY KEY, q1_en VARCHAR, q1_de VARCHAR);Insert Into FAMOUS_QUESTIONS values(true,'Is your character a celebrity?','Ist dein Charakter berühmt?'),(false,'Is your character not famous?','Ist dein Charakter nicht berühmt?');DROP TABLE IF EXISTS JOB_QUESTIONS; CREATE TABLE JOB_QUESTIONS( ID VARCHAR PRIMARY KEY, q1_en VARCHAR, q1_de VARCHAR);Insert Into JOB_QUESTIONS values('tv','Does your character work in the television industry?','Arbeitet deine Figur in der Fernsehbranche?'),('restaurant','Does your character work in a restaurant?','Arbeitet deine Figur in einem Restaurant?'),('criminal','Is your character a criminal?','Ist deine Figur ein Krimineller?'),('assistent','Is your character an assistant?','Arbeitet deine Figur als Assistent?'),('nanny','Is your character a Nanny?','Ist deine Figur eine Nanny?'),('church','Does your character work for the Church?','Arbeitet deine Figur für die Kirche?'),('firefighter','Does your character work for the fire department?','Arbeitet deine Figur für die Feuerwehr?'),('mascot','Is your character a mascot?','Ist deine Figur ein Maskotschen?'),('driving license office','Does your character work in the driving license office?','Arbeitet deine Figur in der Führersteinstelle?'),('unemployed','Is your character unemployed?','Ist deine Figur arbeitslos?'),('akw','Does your character work in a nuclear power plant?','Arbeitet deine Figur im Atomkraftwerk?'),('retailer','Is your character a retailer?','Ist deine Figur Einzelhändler?'),('wife','Is your character a housewife?','Ist deine Figur eine Hausfrau?'),('farmer','Is your character a farmer?','Ist deine Figur ein Farmer?'),('bar','Does your character work in a bar?','Arbeitet deine Figur in einer Bar?'),('school','Does your character work at school?','Arbeitet deine Figur in der Schule?'),('sport','Is your character an athlete?','Ist deine Figur ein Sportler?'),('scientist','Is your character a scientist?','Ist deine Figur ein Wissenschaftler?'),('mayor','Does your character work as mayor?','Arbeitet deine Figur als Bürgermeister?'),('press','Is your character working for the press?','Ist deine Figur für die Presse tätig?'),('pensioner','Is your character a pensioner?','Ist deine Figur ein Rentner?'),('student','Is your character a student?','Ist deine Figur Schüler/Student?'),('flightattendant','Does your character work as a flight assistant?','Arbeitet deine Figur als Flugassistent?'),('police','Does your character work for the police?','Arbeitet deine Figur bei der Polizei?'),('doctor','Is your character a Doctor?','Ist deine Figur ein Doktor?');DROP TABLE IF EXISTS AGE_QUESTIONS; CREATE TABLE AGE_QUESTIONS( ID VARCHAR PRIMARY KEY, q1_en VARCHAR, q1_de VARCHAR);Insert Into AGE_QUESTIONS values('young','Is your character young?','Ist dein Charakter jung?'),('adult','Is your character middle-aged?','Ist dein Charakter im mittlerem Alter?'),('old','Is your character old?','Ist dein Charakter alt?');DROP TABLE IF EXISTS SIMPSON_QUESTIONS; CREATE TABLE SIMPSON_QUESTIONS( ID BOOL PRIMARY KEY, q1_en VARCHAR, q1_de VARCHAR);Insert Into SIMPSON_QUESTIONS values(true,'Is your character related with the simpsons?','Ist deine Figur verwandt mit den Simpsons?'),(false,'Is your character outside of the simpson family?','Steht deine Figur auserhalb der Simpson Familie?');DROP TABLE IF EXISTS ALIVE_QUESTIONS; CREATE TABLE ALIVE_QUESTIONS( ID BOOL PRIMARY KEY, q1_en VARCHAR, q1_de VARCHAR);Insert Into ALIVE_QUESTIONS values(true,'Is your character alive?','Lebt deine Figur?'),(false,'Is your character dead?','Ist deine Figur schon gestorben?');DROP TABLE IF EXISTS HUMAN_QUESTIONS; CREATE TABLE HUMAN_QUESTIONS( ID BOOL PRIMARY KEY, q1_en VARCHAR, q1_de VARCHAR);Insert Into HUMAN_QUESTIONS values(true,'Is your character human?','Ist deine Figur ein Mensch?'),(false,'Is your character non-human?','Ist deine Figur kein Mensch?');DROP TABLE IF EXISTS MALE_QUESTIONS; CREATE TABLE MALE_QUESTIONS( ID BOOL PRIMARY KEY, q1_en VARCHAR, q1_de VARCHAR);Insert Into MALE_QUESTIONS values(true,'Is your character male?','Ist dein Charakter männlich?'),(false,'Is your character female?','Ist deine Charakter weiblich?');DROP TABLE IF EXISTS Simpsons; CREATE TABLE Simpsons(ID INT PRIMARY KEY, name VARCHAR, nickname VARCHAR, description_en VARCHAR, description_de VARCHAR, male BOOL, FOREIGN KEY (male) REFERENCES public.MALE_QUESTIONS(ID), human BOOL, FOREIGN KEY (human) REFERENCES public.HUMAN_QUESTIONS(ID), alive BOOL, FOREIGN KEY (alive) REFERENCES public.ALIVE_QUESTIONS(ID), simpson BOOL, FOREIGN KEY (simpson) REFERENCES public.SIMPSON_QUESTIONS(ID), age VARCHAR, FOREIGN KEY (age) REFERENCES public.AGE_QUESTIONS(ID), job VARCHAR, FOREIGN KEY (job) REFERENCES public.JOB_QUESTIONS(ID), famous BOOL, FOREIGN KEY (famous) REFERENCES public.FAMOUS_QUESTIONS(ID), skincolor VARCHAR, FOREIGN KEY (skincolor) REFERENCES public.SKINCOLOR_QUESTIONS(ID), haircolor VARCHAR, FOREIGN KEY (haircolor) REFERENCES public.HAIRCOLOR_QUESTIONS(ID), religous BOOL, FOREIGN KEY (religous) REFERENCES public.RELIGOUS_QUESTIONS(ID), smokes BOOL, FOREIGN KEY (smokes) REFERENCES public.SMOKES_QUESTIONS(ID), homosexual BOOL, FOREIGN KEY (homosexual) REFERENCES public.HOMOSEXUAL_QUESTIONS(ID), american BOOL, FOREIGN KEY (american) REFERENCES public.AMERICAN_QUESTIONS(ID), married BOOL, FOREIGN KEY (married) REFERENCES public.MARRIED_QUESTIONS(ID), character VARCHAR, FOREIGN KEY (character) REFERENCES public.CHARACTER_QUESTIONS(ID), moesbar BOOL, FOREIGN KEY (moesbar) REFERENCES public.MOESBAR_QUESTIONS(ID), fat BOOL, FOREIGN KEY (fat) REFERENCES public.FAT_QUESTIONS(ID), wearings VARCHAR, FOREIGN KEY (wearings) REFERENCES public.WEARINGS_QUESTIONS(ID));Insert Into simpsons values(01,'Eleanor Abernathy','Katzenfrau',null,'Eleanor Abernathy, besser bekannt als Katzenlady ist eine verrückte Frau, die Unmengen von Katzen besitzt und mit ihnen Leute bewirft. Sie war ursprünglich Anwältin die zusätzlich ein Medizinstudium abgeschlossen hatte und eine typische Karrierefrau.',false,true,true,false,'adult','unemployed',false,'yellow','grey',false,true,false,true,false,'crazy',false,false,'none'),(02,'Martha Quimby',null,null,'Martha Quimby ist die vermögende Ehefrau des Bürgermeisters von Springfield Joe Quimby. Es ist ihr durchaus bewusst, dass ihr Mann sie betrügt, sie bleibt jedoch bei ihm das sie die Macht genießt die diese Ehe mit sich bringt.',false,true,true,false,'adult','mayor',false,'yellow','black',false,false,false,true,true,'sane',false,false,'hat'),(03,'Luann van Houten',null,null,'Luann von Houten und ihr Mann Kirk, welcher gleichzeitig ihr Cousin ist, haben einen gemeinsamen Sohn Milhouse. Geboren wurde Luann in Shelbyville dem unbeliebten Nachbarort von Springfield, zudem ist sie homosexuell was sie in der Öffentlichkeit jedoch verbirgt.',false,true,true,false,'adult','firefighter',false,'yellow','blue',false,false,true,false,true,'sane',false,false,'glasses'),(04,'Brandine Spuckler',null,null,'Brandine Spuckler verkörpert zusammen mit ihrem Mann das typische Bild von Hinterwäldlern. Sie ist ungepflegt, Analphabetin und sehr einfältig. Sie hat 50 Kinder und ist mit ihrem eigenen Bruder Cletus verheiratet. Cletus ist offenbar nur der Vater von zwei Kindern.',false,true,true,false,'adult','mascot',false,'yellow','orange',false,true,false,true,true,'crazy',false,false,'none'),(05,'Helen Lovejoy',null,null,'Helen Lovejoy ist die Frau von Pfarrer Timothy Lovejoy. Sie ist eine Klatschtante und äußert sich oft urteilend über das Verhalten anderer. Sie bezeichnet sich selbst als klatschsüchtig wobei Marge ihr Lieblings-Klatschobjekt darstellt.',false,true,true,false,'adult','church',false,'yellow','grey',true,false,false,true,true,'gossip',false,false,'none'),(06,'Bernice Hibbert',null,null,'Bernice Hibbert ist offenbar eine starke Alkoholikerin. Sie muss bei der Polizei einen Film gegen Trunkenheit am Steuer anschauen und fällt in Ohnmacht, als sie liest, dass die Prohibition wieder eingeführt wird. Herheiratet ist sie mit dem Arzt Julius Hibbert.',false,true,true,false,'adult','wife',false,'dark','black',false,false,false,true,true,'alcoholic',false,false,'necklace'),(07,'Manjula Nahasapeemapetilon',null,null,'Manjula Nahasapeemapetilon ist die Frau von Apu Nahasapeemapetilon und mit der Familie Simpson befreundet. Zudem kann sie aus den Zutaten Kichererbsen, Linsen und Reis viele verschiedene Gerichte zubereiten.',false,true,true,false,'adult','wife',false,'dark','black',false,false,false,false,true,'sane',true,false,'none'),(08,'Elizabeth Hoover',null,null,'Elizabeth Hoover ist Lehrerin an der Grundschule Springfield, interessiert sich jedoch nicht dafür, ob ihre Schüler tatsächlich etwas lernen. Sie ist stehts frustriert, raucht und trinkt, zudem macht sie das Unterrichten des dümmlichen Ralph psychisch fertig.',false,true,true,false,'adult','school',false,'yellow','brown',false,true,false,true,false,'frustrated',false,false,'glasses'),(09,'Doris Peterson','Friedman',null,'Doris Peterson ist die Köchin und Essensausgabenangestellte an der Springfielder Grundschule. Sie hat ein bemerkenswert mürrisches und zynisches Auftreten und scheint an ihrem Beruf weder Gefallen zu finden noch ihn mit der nötigen Ernsthaftigkeit auszuüben.',false,true,true,false,'adult','school',false,'yellow','brown',false,true,false,true,false,'grumpy',false,true,'none'),(10,'Edna Krabappel',null,null,'Edna Krabappel ist Grundschullehrerin in der vierten Klasse der Springfield Grundschule. Sie ist Raucherin und besitzt ein charakteristisches spöttisches Lachen. Bart liebt es ihr Streiche zu spielen und sie erwiedert dies über die Freude, ihn nachsitzen zu lassen.',false,true,false,false,'adult','school',false,'yellow','brown',false,true,false,true,true,'grumpy',true,false,'none'),(11,'Judith (Underdunk) Terwilliger',null,null,'Judith (Underdunk) Terwilliger ist Schauspielerin in diversen Shakespeare-Stücken. Sie ist die Frau von Robert Terwilliger Sr. und die Mutter von Tingeltangel Bob. Von ihr hat Tingeltangel Bob seine für ihn typischen krausen Haare geerbt.',false,true,true,false,'adult','wife',true,'yellow','grey',false,false,false,false,true,'evil',false,false,'necklace'),(12,'Agnes Skinner',null,null,'Agnes Skinner ist die Mutter von Seymour Skinner dem Grundschulrektor von Springfield. Sie zeigt in Bezug auf ihren Sohn einen starkten Kontrollzwang und verbietet im jegliche sozialen Kontakte. Zudem behandelt sie ihn als wäre er immernoch ein kleines Kind.',false,true,true,false,'old','pensioner',false,'yellow','grey',false,false,false,true,false,'temperament',false,false,'wig'),(13,'Patty Bouvier',null,null,'Patty Bouvier ist eine Schwester von Marge. Sie lebt zusammen mit ihrer Schwester Selma und deren Adoptivtochter Ling in einem Appartment. Sie ist homosexuell, raucht viel und arbeitet bei der Führerscheinstelle. Sie hegt genau wie Selma einen Hass gegen Homer.',false,true,true,true,'adult','driving license office',false,'yellow','blue',false,true,true,true,false,'grumpy',false,true,'necklace'),(14,'Selma Bouvier',null,null,'Selma Bouvier ist eine Schwester von Marge. Sie lebt zusammen mit ihrer Schwester Patty und deren Adoptivtochter Ling in einem Appartment. Sie raucht viel und arbeitet bei der Führerscheinstelle. Sie hegt genau wie Patty einen Hass gegen Homer.',false,true,true,true,'adult','driving license office',false,'yellow','blue',false,true,false,true,false,'grumpy',false,true,'necklace'),(15,'Marge Simpson',null,null,'Marge Simpson, geboren Bouvier, ist die Frau von Homer Simpson und die Mutter von Bart, Lisa und Maggy. Sie hat Kunst studiert und ist für den Haushalt der Familie verantwortlich.Charakteristisch für Marge ist ihere hohe blaue Frisur und ihre Kette.',false,true,true,true,'adult','wife',false,'yellow','blue',true,false,false,true,true,'sane',false,false,'necklace'),(16,'Jacqueline Bouvier','Jackie',null,'Jaqueline Bouvier ist die Mutter von Marge, Patty und Selma. Sie war mit Clancy Bouvier verheiratet, bevor dieser starb. Sie ist die Großmutter von Bart, Lisa und Maggy Simpson sowie von Ling Bouvier.',false,true,true,true,'old','pensioner',false,'yellow','grey',false,true,false,true,false,'sane',false,false,'necklace'),(17,'Shary Bobbins',null,null,'Shary Bobbins war kurzzeitig das Kindermädchen von den Simpsons. Sie besitzt einen Schirm, mit dem man fliegen kann und kann jederzeit spontan ein Lied singen. Sie war mit Willie zusammen, allerdings nur für die Zeit als sie blind war.',false,true,false,false,'adult','nanny',false,'yellow','brown',false,false,false,true,false,'sane',false,false,'hat'),(18,'Maude Flanders',null,null,'Maude Flanders ist die verstorbene Ex-Frau von Ned Flanders und Mutter von Rod und Todd. Sie kam durch einen Unfall an einer Rennstrecke ums Leben. Sie fiel von der letzten Reihe der Zuschauertribüne, weil sie einige T-Shirts, die aus Kanonen geschossen wurden, trafen.',false,true,false,false,'adult','wife',false,'yellow','orange',true,false,false,true,true,'sane',false,false,'none'),(19,'Jessica Lovejoy',null,null,'Jessica Lovejoy ist die Tochter von Helen und Timothy Lovejoy. Sie ist eine Ex-Freundin von Bart. Ihre Haare sind lang, schwarz, üppig und sie riechen nach rotem Fruchtgummi. Außerdem liebt sie extremes Skateboarden.',false,true,true,false,'young','student',false,'yellow','black',false,false,false,true,false,'smart',false,false,'bow'),(20,'Greta Wolfcastle',null,null,'Greta Wolfcastle ist die Tochter des Schauspielers Rainer Wolfcastle und besucht eine Privatschule. Sie war eine Zeit lang in Bart verliebt und mit Milhouse zusammen, um Bart eifersüchtig zu machen.',false,true,true,false,'young','student',false,'yellow','blonde',false,false,false,false,false,'sane',false,false,'none'),(21,'Ling Bouvier',null,null,'Ling Bouvier ist Selma Bouviers adoptierte Tochter. Selma und die Simpsons reisen nach China zu Madam Wu um die kleine zu adoptieren. Homer Simpson musste sich als Selmas Ehemann ausgeben, um die Adoption möglich zu machen.',false,true,true,true,'young','unemployed',false,'white','black',false,false,false,false,false,'sane',false,false,'bow'),(22,'Maggie Simpson',null,null,'Maggie Simpson ist mit einem Jahr das jüngste der Simpsons Kinder. Mit dem Sprechen und dem Gehen will es bei ihr noch nicht so richtig hinhauen. Maggie trägt stets einen blauen Strampelanzug.',false,true,true,true,'young','unemployed',false,'yellow','yellow',false,false,false,true,false,'smart',false,false,'bow'),(23,'Lisa Simpson',null,null,'Lisa Simpson ist das mittlere Kind von Marge und Homer, die jüngere Schwester von Bart und die ältere Schwester von Maggie Simpson. Sie ist 8 Jahre alt und geht in die Springfield Grundschule und ist dort die beste Schülerin, denn sie ist hochintelligent.',false,true,true,true,'young','student',false,'yellow','yellow',false,false,false,true,false,'smart',false,false,'necklace'),(24,'Kodos',null,null,'Kodos Kodos ist eine Außerirdische, die in jeder Halloween-Episode vorkommt. Sie ist die Schwester von Kang, ebenfalls Außerirdischer. Kodos kommt vom Planeten Rigel 4, der sich anscheinend in der Nähe von der Erde befindet.',false,false,true,false,'adult','unemployed',true,'green','bald',false,false,false,false,false,'evil',false,true,'none'),(25,'Schneeball 2',null,null,'Schneeball 2 ist die Katze der Simpsons. Wenn die Simpsons nachts schlafen, guckt sie mit Knecht Ruprecht Lassie im Fernsehen. Sie frisst den ganzen Tag nur Käfer. Nach Homers Äußerungen ist zu schließen, dass sie die Katze nach Schneeballs Tod im Pfandhaus erworben haben.',false,false,true,true,'young','unemployed',false,'dark','black',false,false,false,false,false,'lazy',false,false,'none'),(26,'Jeff Albertson','Comic book guy',null,'Jeff Albertson, in Springfield nur bekannt als Comicbuch-Typ, verkauft nicht nur Comics, sondern lebt sie auch. Er ist Stammgast auf jeder Comic-Book-Convention. Die Linie zwischen Realität und Comic scheint bei ihm hin- und wieder überzuschreiten.',true,true,true,false,'adult','retailer',false,'yellow','brown',false,false,false,true,false,'sarcastic',true,true,'none'),(27,'Barry Huffman','Duffman',null,'Barry Huffman, welcher unter dem Name "Duffman" bekannt ist, ist das Maskotchen und der Sprecher der Duff Beer Company. Es gibt mehere Personen, welche Duffman spielen, allerdings ist Barry der bekannteste.',true,true,true,false,'adult','mascot',true,'yellow','blonde',false,false,true,false,true,'athletic',false,false,'glasses'),(28,'Rex Banner',null,null,'Rex Banner ist Ermittler und versucht, den Bierbaron zu fassen. Sein Auftreten ist ernst und furchtlos. Außerdem ist er unbestechlich und lacht kaum. Später wurde er aus einem Katapult geschossen.',true,true,false,false,'adult','police',true,'yellow','brown',false,false,false,true,false,'serious',false,false,'hat'),(29,'Jasper Beardley',null,null,'Jasper Beardly ist ein Bewohner des Altenheims in Springfield. Er ist häufig in der Innenstadt von Springfield zu sehen. Außerdem ist er der beste Freund von Abe Simpsons, dem Großvater von Bart, Lisa und Maggy.',true,true,true,false,'old','pensioner',false,'yellow','bald',true,false,false,true,false,'sane',false,true,'beard'),(30,'Clancy Bouvier',null,null,'Clancy Bouvier war der Ehemann von Jacqueline Bouvier und somit der Vater von Marge, Patty und Selma. Er ist 1928 geboren und 1977 gestorben. Er war Kettenraucher und hat als männlicher Flugbegleiter gearbeitet.',true,true,false,true,'adult','flightattendant',false,'yellow','brown',false,true,false,true,true,'sane',false,true,'none'),(31,'Kent Brockman',null,null,'Kent Brockman ist der Moderator der Nachrichten in Springfield. Er hat weisse Haare und meist einen roten Anzug an. Er ist Opportunist und hat keine Scheu seine eigene Meinung bekannt zu geben. Außerdem gewann er bereits einen Emmy für seine Arbeit.',true,true,true,false,'adult','tv',true,'yellow','white',true,true,false,true,true,'opportunism',false,true,'none'),(32,'Charles Montgomery Burns',null,null,'Charles Montgomery Burnes ist ein alter, geiziger Milliardär. Mit seinem Assistenten Waylon Smithers verwaltet er das Atomkraftwerk. Er ist Besitzer des Atomkraftwerks in Springfield und somit Arbeitgeber für Homer Simpson.',true,true,true,false,'old','akw',true,'yellow','grey',false,false,false,true,false,'evil',false,false,'none'),(33,'Carl Carlson',null,null,'Carl Carlson ist der beste Freund von Lenny. Mit seinen Freunden ist Carl fast täglich bei Moe''s Bar. Carl und Lenny treten meist nur zusammen auf, da sie eng befreundet sind. Sie werden oft als homosexuelles Paar oder zumindest als Parodie eines solchen dargestellt. Carl arbeitet genau wie Homer und Lenny im Atomkraftwerk.',true,true,true,false,'adult','akw',false,'dark','black',false,false,true,false,false,'silent',true,false,'none'),(34,'Gary Chalmers',null,null,'Gary Chalmers ist vom Beruf her Oberschulrat, dass heißt, er überwacht Schulen im Namen des Staats, so wie die Grundschule von Springfield. Er besitzt eine gemeinsame Filmproduktion mit Seymour Skinner. Markant für ihn ist der Schrei "SKINNER!", welcher auftritt, wenn dieser einen Fehler macht.',true,true,true,false,'old','school',true,'yellow','grey',false,false,false,true,false,'sane',false,false,'wig'),(35,'Pedro Chespirito','Bienenmann',null,'Pedro Chespirito ist Schauspieler einer Figur aus einem Kinderfilm in Springfield. Er spielt eine Hummel die immer in Schwierigkeiten gerät. Obwohl er fließend Englisch spricht, tritt er immer mit gebrochenem Mexikanisch-Englisch auf.',true,true,true,false,'adult','tv',true,'dark','brown',false,false,false,false,false,'democrat',false,true,'hat'),(36,'Ned Flanders',null,null,'Ned Flanders ist ein Gutmensch, der oft ausgenutzt wird. Er ist sehr religiös. Er war mit Maude Flanders verheiratet, bevor diese starb. Er ist der Vater von Rod und Todd und führt ein Geschäft, das Dinge für Linkshänder verkauft.',true,true,true,false,'adult','church',false,'yellow','brown',true,false,false,true,true,'overprotective',false,false,'glasses'),(37,'Lothar Folkman','Luigi Risotto',null,'Lothar Folkman ist ein Restaurantbetreiber in Springfield. Sein italienischer Akzent, sowie sein Bart sind gefälscht und dienen lediglich seinem Image als italienischer Koch. Er lästert gemeinsam mit seinen Angestellten gern über die Kunden des Restaurants.',true,true,true,false,'adult','restaurant',false,'yellow','grey',false,false,false,false,false,'sane',false,true,'hat'),(38,'John Frink Junior',null,null,'John Frink Junior ist Wissenschaftler und Professor am Springfield Heights Institut für Technik. Seine Erfindungen richten in der Regel viel Chaos an. Er war beispielsweise an der Entwicklung der Napalmbombe, den Robotern im Itchi und Scratchy Land und einer Computerreihe beteiligt.',true,true,true,false,'adult','scientist',true,'yellow','brown',false,false,false,true,true,'crazy',true,false,'glasses'),(39,'Frank Grimes',null,null,'Frank Grimes wurde mit 4 Jahren von seinen Eltern ausgesetzt, ging deshalb nicht zur Schule und verbrachte seine Kindheit als Lieferjunge. Mit 18 wurde er bei einer Siloexplosion in die Luft gejagt. Danach studierte er Kernphysik als Fernstudium und arbeitete im Atomkraftwerk, wo er im Alter von 23 Jahren starb.',true,true,false,false,'adult','akw',false,'yellow','black',false,false,false,true,false,'evil',false,false,'glasses'),(40,'Matt Groening',null,null,'Matt Groening, der Erfinder der Simpsons, besitzt seinen eigenen Charakter in der Serie. Allerdings besitzt er in "Die Simpsons" keinen direkten Kontakt zur Serie. Er ist der Erfinder von Futurama. Außerdem ist er Arbeiter im Tonstudio, Phantomzeichner und Comiczeichner.',true,true,true,false,'adult','tv',true,'yellow','grey',false,false,false,true,false,'sane',false,true,'glasses'),(41,'Barney Gumble',null,null,'Barney Gumble ist ein Alkoholiker, der regelmäßig in Moe''s Bar sitzt. Er ist ein guter Freund von Homer Simpson und war mit diesem zusammen auf der Highschool. Barney stammt ursprünglich aus Polen und besitzt ein eigenes Bowlingcenter.',true,true,true,false,'adult','retailer',false,'yellow','brown',false,false,false,false,true,'alcoholic',true,true,'none'),(42,'Gil Gunderson',null,null,'Gil Gunderson ist ein erfolgloser Verkäufer in Springfield. Er hat keinen seiner Jobs sehr lange behalten und ist aus diesem Grund Anwalt geworden. Doch auch als Anwalt ist Gil sehr inkompetent. Nach seinem Tod wurde er sowohl vom Himmel, als auch von der Hölle abgelehnt und kehrte deswegen zu den Lebenden zurück.',true,true,false,false,'adult','retailer',false,'yellow','grey',false,false,false,true,false,'failure',false,false,'none'),(43,'Herman Hermann',null,null,'Herman Hermann ist Besitzer eines Waffenladens in Springfield. Er hat seinen rechten Arm verloren, allerdings werden dafür stets widersprüchliche Gründe angegeben, weshalb die genaue Ursache nicht definiert werden kann. Er trägt stets Militärkleidung und besitzt angeblich Nazi-Unterhosen.',true,true,true,false,'adult','retailer',false,'yellow','red',false,true,false,false,false,'crazy',false,false,'none'),(44,'Julius Hibbert',null,null,'Julius Hibbert ist der zuverlässigste Arzt in Springfield. Er ist das genaue Gegenteil von Dr. Nick. Dr. Hibbert ist mit Bernice verheiratet und hat drei Kinder. Er ist besser unter dem Namen Dr. Hibbert bekannt. Er lacht auch in den unpassendsten Situationen.',true,true,true,false,'adult','doctor',true,'dark','black',false,false,false,true,true,'sane',false,true,'none'),(45,'Herschel Krustofski','Krusty',null,'Herschel Krustofski, von allen allerdings nur Krusty genannt, ist ein bekannter Clown und Hauptdarsteller der Krusty-Show. Außerdem besitzt er die Fastfoodkette Krustyburger, deren Essen er selbst hasst. Krusty leidet an einer Spielsucht, er verzockt das Geld, welches er durch Merchandise und seine Hauptberufe verdient.',true,true,true,false,'old','tv',true,'white','green',false,true,false,false,false,'grumpy',false,true,'none'),(46,'Chester J. Lampwick',null,null,'Chester J. Lampwick ist der Erfinder von Itchy und Scratchy. Er ist sehr reich und lebt diesen Reichtum aus, obwohl er noch immer das Bedürfnis hat, die Schuhe fremder Leute zu putzen, wie er es in seiner Zeit als Straßenpenner getan hat.',true,true,true,false,'old','tv',true,'yellow','grey',false,false,false,true,false,'sane',false,false,'hat'),(47,'Dewey Largo',null,null,'Dewey Largo ist der Musiklehrer und Leiter des Schulorchesters der Grundschule Springfield. Er ist im Vorspann zu sehen, als er mit den Schülern probt. Meistens trägt er Hemd und Pullover und hat längeres Haar. Mit seinem Schulorchester probt er fast immer nur "Stars and Stripes Forever".',true,true,true,false,'adult','school',false,'yellow','grey',false,false,false,true,false,'sane',false,true,'none'),(48,'Lenny Leonard',null,null,'Lenford Leonard ist der beste Freund von Homer Simpson und Carl Carlson. Er ist immer in Moe''s Taverne, der Stammkneipe der drei Freunde zu sehen. Lenny arbeitet wie Homer und Carl im Kernkraftwerk von Springfield. Lenny und Carl werden oft als homosexuelles Paar oder zumindest als Parodie eines solchen dargestellt.',true,true,true,false,'adult','akw',false,'yellow','brown',false,true,false,true,false,'sane',true,false,'none'),(49,'Timothy Lovejoy',null,null,'Timothy Lovejoy ist der Pfarrer der Kirchengemeinde, der die Simpsons angehören. Zu seinen Hobbys gehören Modelleisenbahnen. Obwohl er Pfarrer ist, besitzt er keine eigene Bibel. Für seine Predigt leiht er sich immer eine Bibel in der Bibliothek.',true,true,true,false,'adult','church',true,'yellow','black',true,false,false,true,true,'stingy',false,false,'none'),(50,'William MacMoran',null,null,'William MacMoran ist der Hausmeister der Grundschule von Springfield. Er ist illegal in die USA eingereist, ursprünglich stammt er aus der schottischen Kleinstadt Northkilttown, häufig ist er auch im Kilt oder Dudelsack zu sehen. Sein Zuhause ist nun ein kleiner Geräteschuppen auf dem Gelände der Grundschule.',true,true,true,false,'adult','school',false,'yellow','red',false,false,false,false,false,'athletic',false,false,'beard'),(51,'Otto Mann',null,null,'Otto Mann, auch bekannt als Busfahrer Otto, ist der Schulbusfahrer der Springfield Grundschule. Seinen ersten Auftritt hatte Otto in der dritten Episode der ersten Staffel, in der er die vierte Klasse zum Kernkraftwerk fährt.',true,true,true,false,'adult','school',false,'yellow','black',false,true,true,true,false,'cool',false,false,'hat'),(52,'Herbert Powell','Herb',null,'Herbert Powell ist der uneheliche Sohn von Abraham Simpson und damit Homers Halbbruder. Anders als dieser ist er ein erfolgreicher Geschäftsmann und Millionär. Er ist als Autohersteller reich geworden, verlor alles (verschuldet durch Homer) und wurde anschließend durch den Babyübersetzer erneut reich.',true,true,true,true,'adult','retailer',true,'yellow','brown',false,true,false,true,false,'sane',false,true,'none'),(53,'Horatio McCallister',null,null,'Horatio McCallister, auch bekannt als "Der Kapitän" ist ein mürrischer alter Mann, der gerne Geschichten erzählt. Er besitzt ein eigenes Restaurant am Pier von Springfield.',true,true,true,false,'old','restaurant',false,'yellow','grey',false,true,false,true,true,'honest',false,true,'hat'),(54,'Ralph Melish','Hans Maulwurf',null,'Ralph Melish, besser bekannt als "Hans Maulwurf" ist ein alter Mann, welcher im Altenheim von Springfield wohnt. Er ist der Pechvogel von Springfield und wird stets in gefährliche Unfälle verwickelt, welche unter Normalbedingung zum Tod geführt hätten. Allerdings überlebt er diese Unfälle stets ohne jegliche Verletzungen.',true,true,true,false,'old','pensioner',false,'yellow','bald',false,false,false,true,false,'sane',false,true,'glasses'),(55,'Apu Nahasapeemapetilon',null,null,'Apu Nahasapeemapetilon ist der Betreiber des Kwik-E-Mart. Er ist mit Manjula verheiratet und hat mit dieser Achtlinge. Apu stammt ursprünglich aus Indien und die Ehe mit Manjula wurde von seiner Mutter arrangiert.',true,true,true,false,'adult','retailer',false,'dark','black',false,false,false,false,true,'honest',true,false,'wig'),(56,'Sanjay Nahasapeemapetilon',null,null,'Sanjay Nahasapeemapetilon ist der Bruder von Apu und hilft diesem regelmäßig im Kwik-E-Mart. Sie sind gemeinsam mit ihren Eltern aus Indien nach Amerika eingereist.',true,true,true,false,'adult','unemployed',false,'dark','black',false,false,false,false,false,'sane',false,false,'none'),(57,'Tom O''Flanagan',null,null,'Tom O''Flanagan ist der Besitzer von Tom O''Flanagan''s Pub. Er lebt, wohnt und arbeitet in Dunkilberry, einer Stadt in Irland. Abe lernte ihn schon in jungen Jahren kennen, als er in Irland stationiert war. Der Pub war damals wie heute sein Stammlokal.',true,true,true,false,'old','bar',false,'yellow','grey',false,false,false,false,false,'sane',false,false,'none'),(58,'Arnold Pye',null,null,'Arnold Pye ist ein Reporter, welcher für KBBL und Kanal 6 arbeitet. Er berichtet meist aus dem Hubschrauber für die Sendung "Arnie in the Sky". Als Kent Brockman nicht drehen kann übernimmt er die Rolle des Nachrichtensprechers.',true,true,true,false,'adult','tv',true,'yellow','brown',false,false,false,true,false,'sane',false,false,'glasses'),(59,'Joseph Quimby','Joe',null,'Joseph Quimby ist Bürgermeister der Stadt Springfield. Meist begegnet er den Bewohnern und ihren Anliegen sehr wohlwollend, er ist aber in der Stadt auch durch manche korrupte Geschäfte bekannt. Er ist Mitglied der Demokratischen Partei. Er ist verheiratet, hat allerdings scheinbar keine Kinder.',true,true,true,false,'young','mayor',true,'yellow','brown',false,false,false,true,true,'corrupt',false,true,'none'),(60,'Nick Riviera','Dr. Nick',null,'Dr. Nick Riviera studierte an der Universität von Hollywood und ist der unseriöseste Arzt in Springfield. Er behandelt Personen, denen ein richtiger Arzt zu teuer ist. Als Arzt ist er völlig ungeeignet und bereitet sich öfters allein anhand von Lehrvideos auf bevorstehende Operationen vor.',true,true,true,false,'adult','doctor',true,'yellow','black',false,false,false,true,false,'corrupt',false,false,'beard'),(61,'Hank Scorpio',null,null,'Hank Scorpio ist der Chef und Besitzer der Firma Globex und ein Terrorist. In seiner Freizeit joggt er gerne und trinkt deutsches Bier. Kurioserweise bewahrt er stets Zucker und Sahne in seinen Hosentaschen auf, für den Fall, dass man sie braucht.',true,true,true,false,'adult','criminal',true,'yellow','brown',false,true,false,true,false,'evil',false,false,'beard'),(62,'Abraham Simpson',null,null,'Abraham Simpson ist das älteste Mitglied der Simpson-Familie. In seiner Jugend war er im Zweiten Weltkrieg bei den fliegenden Höllenfischen. Nun lebt er aber als Rentner im Springfielder Altenheim. Er liebt es meist erfundene Geschichten zu erzählen, schläft aber oft dabei nach ein paar Worten schon im Stehen ein. Abe ist der Vater von Homer, Herbert Powell und Abbie. Verheiratet war er mit Homers Mutter Mona.',true,true,true,true,'old','pensioner',false,'yellow','yellow',false,false,false,true,true,'crazy',false,true,'glasses'),(63,'Homer Simpson',null,null,'Homer ist der Familienvater der Simpsons. Er arbeitet im Atomkraftwerk bei Mr. Burns. Typisch für ihn ist sein Ausruf "Neinn!", außerdem ist er übergewichtig, dumm und hat eine große Leidenschaft für Bier und Fernsehen, ist aber, trotz seiner häufigen Würgeszenen gegenüber seinem Sohn, meistens ein liebender Familienvater.',true,true,true,true,'adult','akw',false,'yellow','bald',false,false,false,true,true,'dumb',true,true,'none'),(64,'Seymour Skinner',null,null,'Seymour Skinner ist der Rektor der Grundschule von Springfield. Er diente im Vietnamkrieg und hat nach dem Krieg die Rolle des Seymour Skinner (seinem damaligen Kommandaten) übernommen, als dieser in Kriegsgefangenschaft geriet.',true,true,true,false,'adult','school',true,'yellow','grey',false,false,false,true,false,'sane',true,false,'none'),(65,'Waylon Smithers',null,null,'Waylon Smithers, Jr. ist ein Mitarbeiter im Kernkraftwerk von Springfield. Dort arbeitet er als persönlicher Assistent, Sekretär und Butler des Besitzers Charles Montgomery Burns. Seine Aufgaben gehen jedoch weit über die eines Assistenten hinaus, so betreut er ihn auch Zuhause oder spielt für ihn den Chauffeur.',true,true,true,false,'adult','akw',false,'yellow','grey',false,false,true,true,false,'exactly',false,false,'glasses'),(66,'Roy Snyder',null,null,'Roy Snyder ist der Richter der Stadt Springfield. Zu Beginn der Serie hatte er noch gelbe Haut, mit fortgeschrittenen Staffeln wurde diese allerdings dunkel. Er urteilt meist nach dem prinzip "Jungs sind eben Jungs", weshalb minderjährige Unruhestifter bei ihm ganz ohne Bestrafung davonkommen.',true,true,true,false,'adult','police',true,'dark','black',false,false,false,true,false,'sane',false,true,'beard'),(67,'Cletus Spuckler',null,null,'Cletus Spuckler ist ein ungebildeter Hinterwäldler aus Springfield. Er ist mit Brandine Spuckler verheiratet. Er hat um die 50 Kinder. Cletus trägt meist eine Jeans und ein weißes Hemd. Außerdem hat er das gleiche Tatoo wie Snake.',true,true,true,false,'adult','farmer',false,'yellow','brown',false,false,false,true,true,'dumb',false,false,'none'),(68,'Moe Szyslak',null,null,'Morris "Moe" Szyslak ist Besitzer und Betreiber der nach ihm benannten Kneipe "Moe''s Taverne". Da er kaum aus seiner Kneipe kommt, sind die wenigen Menschen die er gut kennt seine Stammkunden, zu denen neben Barney Gumble auch Homer Simpson gehört.',true,true,true,false,'adult','bar',true,'yellow','grey',false,false,false,true,false,'grumpy',false,false,'none'),(69,'Drederick Tatum',null,null,'Drederick Tatum ist ein berühmter Boxer aus Springfield. Er hat dunkle Haut und wird daher als "östlicher Vorzeigenigger" bezeichnet. Er lispelt und ist stark tatoowiert. Außerdem ist er bekannt für seine gewalttätigen Ausschreitungen.',true,true,true,false,'adult','sport',true,'dark','black',false,false,false,true,false,'evil',false,true,'none'),(70,'Cecile Terwilliger',null,null,'Cecile Terwilliger ist Springfields oberster hydrologischer und hydrodynamischer Ingenieur. Ursprünglich wollte er unbedingt Assistent von Krusty, dem Clown werden (Er war 4 Jahre am Clown-College in Princeton), doch dieser fand seinen Bruder Bob viel lustiger.',true,true,true,false,'adult','scientist',false,'yellow','brown',false,false,false,false,false,'evil',false,false,'none'),(71,'Robert Terwilliger','Tingeltangel Bob',null,'Robert Terwilliger ist der Erzfeind von Bart Simpson und versucht regelmäßig, diesen umzubringen. Er war lange Zeit der Assistent von Krusty, dem Clown. Seine besondere Fähigkeit ist, dass er Haikus schreiben kann, während er von Skinheads mit Seife geschlagen wird.',true,true,true,false,'adult','criminal',true,'yellow','red',false,false,false,false,false,'evil',false,false,'none'),(72,'Rich Texan',null,null,'Der Reiche Texaner ist ein einflussreicher Milliardär und der indirekte Gegenspieler von Charles Montgomery Burns. Er ist Besitzer eines Jahrmarktes, außerdem ist er für seinen leichtes Verrücktsein bekannt. Außerdem ist er reicher als sein Gegenspieler Burns. Er ist im Übrigen auch Republikaner. Er kommt aus Conneticut, trotzdem ist er Texaner.',true,true,true,false,'old','retailer',true,'yellow','grey',false,true,false,true,false,'republican',false,true,'hat'),(73,'Chester Turley','Snake',null,'Chester Turley, welcher eher unter seinem Spitznamen "Snake" bekannt ist, ist ein Verbrecher aus Springfield. Bevor er kriminell wurde, arbeitete er als Archäologe, er hat auch Archäologie studiert.',true,true,true,false,'adult','criminal',true,'yellow','brown',false,false,false,true,false,'evil',false,false,'none'),(74,'Melvin van Horne',null,null,'Melvin van Horne ist ein Schauspieler und Komödiant. Sein Markenzeichen ist ein großer Knochen in seinen Haaren. Dies ist jedoch nicht absichtlich, sondern der Knochen ist kleben geblieben, als er versuchte, einen Kaugummi aus seinen Haaren zu entfernen.',true,true,true,false,'adult','tv',true,'yellow','blue',true,false,false,true,true,'conceited',false,false,'bone'),(75,'Kirk van Houten',null,null,'Kirk van Houten ist der Vater von Milhouse und Exmann von Luann van Houten. Ursprünglich arbeitete van Houten in der Keksfabrik, wurde jedoch gefeuert nachdem er sich von seiner Frau trennte. Kekse sind nach Meinung seines Chefs ein Familienprodukt, da passt ein geschiedener Mitarbeiter nicht zum Produkt.',true,true,true,false,'adult','unemployed',false,'yellow','blue',false,false,false,true,false,'failure',false,true,'glasses'),(76,'Clancy Wiggum',null,null,'Clancy Wiggum wird vorallem Chief Wiggum genannt. Er ist der Verfressene Polizeichef der Stadt Springfield. Seine Kollegen, bei der Polizei sind Lou und Eddie. Wiggum ist äußerst dick und erscheint öfters inkompetent – anstatt sich um eingehende Notrufe zu kümmern, macht er lieber Pause.',true,true,true,false,'adult','police',true,'yellow','brown',false,true,false,true,true,'corrupt',false,true,'hat'),(77,'Anthony D''Amico','Fat Tony',null,'Antonio D''Amico ist unter dem Namen Fat Tony bekannt. Fat Tony ist der Mafia Boss aus Springfield, der eigentlich gar nicht so hart ist, wie er tut. Harte Schale weicher Kern. Fat Tony hat einen Sohn namens Michael D''Amico. Seiner verstorbenen Frau bringt er jedes Mal Blumen an ihr Grab mit.',true,true,false,false,'adult','criminal',true,'yellow','grey',false,true,false,false,true,'evil',false,true,'none'),(78,'Rainier Wolfcastle',null,null,'Rainier Wolfcaslte ist ein reicher Schauspieler, welcher in Springfield lebt. Seine wohl bekannteste Rolle ist Radioactive Man. Er hat eine Tochter namens Greta. Er ist sehr muskulös, leider fehlt es ihm dafür an Hirn.',true,true,true,false,'adult','tv',true,'yellow','brown',false,false,false,false,false,'athletic',false,false,'none'),(79,'Artie Ziff',null,null,'Artie Ziff ist ein ehemaliger Mitschüler von Marge. Er ist in Marge verliebt und versucht sie Homer auszuspannen. Er ist vollkommen von sich überzeugt und eingebildet und ist der fünftreichste Mann Amerikas.',true,true,true,false,'adult','retailer',false,'yellow','black',false,false,false,true,false,'conceited',false,false,'glasses'),(80,'Larry Burns',null,null,'Larry Burns ist der Sohn von Mr. Burns und Lily Bancroft. Er lebte bis zu seinem 18. Lebensjahr in einem Waisenhaus und bekam dann einen Job an einem Souvenirstand. Er ist ausgesprochen faul und schafft es bei jedem die schwache Seite aufzuzeigen. Er trinkt gerne Cocktails und hat Unterricht bei einem Automatik-Klavier genommen.',true,true,true,false,'adult','retailer',false,'yellow','white',false,false,false,true,true,'lazy',false,true,'none'),(81,'Freddy Quimby',null,null,'Freddy Quimby ist 18 Jahre alt und hat ebenso wie Walt Disney und Adolf Hitler das "Böse Gen". Er ging in der 4. Klasse von der Schule. Außerdem neigt er bei Unzufriedenheit dazu, sehr schnell aggressiv und handgreiflich zu werden und lispelt. Bürgermeister Quimby ist sein Onkel.',true,true,true,false,'young','press',false,'yellow','brown',false,false,false,true,false,'evil',false,false,'none'),(82,'Kinder der Fam. Nahasapeemapetilon',null,null,'Die Familie Nahasapeemapetilon hat insgesamt 8 Kinder. Sie heißen: Panam, Sashi, Pria, Uma, Anu, Samdi, Nabindu und Geet.',true,true,true,false,'young','unemployed',false,'dark','black',false,false,false,false,false,'sane',false,false,'none'),(83,'Kinder der Fam. Nahasapeemapetilon',null,null,'Die Familie Nahasapeemapetilon hat insgesamt 8 Kinder. Sie heißen: Panam, Sashi, Pria, Uma, Anu, Samdi, Nabindu und Geet.',false,true,true,false,'young','unemployed',false,'dark','black',false,false,false,false,false,'sane',false,false,'none'),(84,'Kinder der Fam. Spuckler',null,null,'Die Familie Spuckler hat 50 Kinder. Diese sind größtenteils zurückgeblieben und wären zu aufwendig sie alle aufzuzählen.',true,true,true,false,'young','unemployed',false,'yellow','orange',false,false,false,true,false,'sane',false,false,'none'),(85,'Kinder der Fam. Spuckler',null,null,'Die Familie Spuckler hat 50 Kinder. Diese sind größtenteils zurückgeblieben und wären zu aufwendig sie alle aufzuzählen.',false,true,true,false,'young','unemployed',false,'yellow','orange',false,false,false,true,false,'sane',false,false,'none'),(86,'Jeremy Peterson',null,null,'Jeremy Peterson, auch als der "picklige Teenager" bekannt, ist der Sohn der Kantinenfrau der Grundschule. Er nimmt ausschließlich unterbezahlte, schlechte Jobs an, da er keine andere Möglichkeit hat, Geld zu verdienen.',true,true,true,false,'young','assistent',false,'yellow','brown',false,false,false,true,false,'dumb',false,false,'none'),(87,'Gino Terwilliger',null,null,'Gino Terwilliger ist der Sohn von Robert Terwilliger. Er hasst wie sein Vater die Simpsons und verwendet oft das Wort „Vendetta“. Er verwendet häufig ein Messer, das fast so groß ist wie er selbst.',true,true,true,false,'young','unemployed',false,'yellow','red',false,false,false,false,false,'evil',false,false,'none'),(88,'Bart Simpson',null,null,'Bart Simpson ist 10 Jahre alt und geht in die 4. Klasse der Grundschule. Unter dem Pseudonym El Barto verunsichert er die Stadt. Er fährt Skateboard und sieht sich fanatisch die Krusty Show an. Er ist sehr gut mit Milhouse befreundet.',true,true,true,true,'young','student',false,'yellow','yellow',false,false,false,true,false,'bold',true,false,'none'),(89,'Ralph Wiggum',null,null,'Ralph Wiggum ist ein Schüler der Springfield Grundschule. Er ist ein Klassenkamerad von Lisa Simpson. Seinen ersten Auftritt hatte Ralph Wiggum in der ersten Episode der ersten Staffel. Dort stellt er einen japanischen Weihnachtsmann dar. Ralph ist sehr untergebildet und kann sich mit seinen Mitschülern nicht messen.',true,true,true,false,'young','student',false,'yellow','black',false,false,false,true,false,'dumb',false,true,'none'),(90,'Kearney Zzyzwicz',null,null,'Kearney Zzyzwicz ist einer der Schläger an der Springfield Grundschule. Er scheint sehr oft sitzen geblieben zu sein, da er schon einen Sohn, sowie einen Führerschein hat. Außerdem rasiert er sich in einer Rückblende weit in die Vergangenheit.',true,true,true,false,'young','student',false,'yellow','bald',false,true,false,false,false,'evil',false,true,'none'),(91,'Jimbo Jones',null,null,'Jimbo Jones ist einer Der Schulschläger von der Grundschule von Springfield.Er und seine Freunde verhauen gerne Streber wie Martin Prince oder Milhouse .Er klaut auch gerne das Essensgeld. Er trägt durchgehend eine schwarze Mütze und ist angeblich sehr religiös.',true,true,true,false,'young','student',false,'yellow','brown',true,true,false,true,false,'evil',false,false,'hat'),(92,'Nelson Muntz',null,null,'Nelson Muntz, auch bekannt als Nelson Mandela Muntz ist ein Schläger. Seine Kumpels sind: Jimbo Jones, Dolph und Kearney. Bart ist in seiner Klasse, da er, Nelson sitzengeblieben ist. Sein Liebstes Hobby ist Läute verprügeln wie z.b.: Milhouse oder Martin. In seinem Inneren aber vermisst er seinen Vater, der ihn als er noch klein war verlassen hat.',true,true,true,false,'young','student',false,'yellow','brown',false,true,false,true,false,'evil',false,true,'none'),(93,'Rod Flanders',null,null,'Rod Flanders ist eines der beiden Kinder von Maude und Ned Flanders. Er ist meistens der Jüngere der beiden. Er leidet an Asthma und Diabetes. Wie sein Bruder ist er sehr kirchentreu. In der Folge Barts Blick in die Zukunft sieht man Rod und Todd als homosexuelle Tischler im Garten.',true,true,true,false,'young','student',false,'yellow','red',true,false,false,true,false,'overprotective',false,false,'none'),(94,'Todd Flanders',null,null,'Todd Flanders ist eines der beiden Kinder der Flanders. In den meisten Folgen ist er der kleinere der beiden, jedoch sind die Produzenten im Laufe der Zeit selbst durcheinander gekommen. Todd ist aber älter als sein Bruder Rod. Bei beiden wird einige Male auf eine Art Glaubenskrankheit angespielt.',true,true,true,false,'young','student',false,'yellow','brown',true,false,false,true,false,'overprotective',false,false,'none'),(95,'Martin Prince',null,null,'Martin Prince ist ein Schüler der Springfield Grundschule. Er ist in der gleichen Klasse wir Bart und bezeichnet sich selbst als dessen natürlicher Feind. Martin hat einen überdurchschnittlich hohen IQ und wird deshalb oft zum Ziel der Schläger. In seiner Freizeit befasst er sich ausschließlich mit Büchern und wissenschaftlichen Artikeln.',true,true,true,false,'young','student',false,'yellow','brown',false,false,false,true,false,'smart',false,true,'none'),(96,'Dolphin Starbeam','Dolph',null,'Dolphin Starbeam ist einer der Schläger der Springfield Grundschule. Er ist in der sechsten Klasse. Er ist Linkshänder. Seine Eltern waren Hippies und Dolph hat sich schon sehr früh dafür entschieden, dass Unruhe verbreiten mehr Spaß macht, als im Frieden zu leben.',true,true,true,false,'young','student',false,'yellow','brown',false,false,false,true,false,'evil',false,false,'none'),(97,'Milhouse van Houten',null,null,'Milhouse van Houten ist einer der zartbesaitetesten Schüler der Grundschule und Barts bester Freund. Homer kann Milhouse nicht leiden und vergisst ständig seinen Namen. Er ist praktisch das ganze Gegenteil von Bart, was die beiden aber umso unzertrennlicher macht.',true,true,true,false,'young','student',false,'yellow','blue',false,false,false,true,false,'annoying',false,false,'glasses'),(98,'Itchy',null,null,'Itchy ist eine Comic-Figur, welche von Chester Lampwick erfunden wurde. Itchy ist eine blaue Maus, welche ständig im Streit mit Scratchy, einer schwarzen Katze ist. Diese Streits enden in der Regel mit Scratchys Tod auf brutale Weise.',true,false,true,false,'old','tv',true,'blue','blue',false,false,false,true,false,'evil',false,false,'none'),(99,'Joseph Teeny','Mr. Teeny',null,'Joseph Teeny ist ein Affe und arbeitet für Krusty den Clown. Er kann Auto fahren und ist Kettenraucher. Trotz vieler Versuche schafft er es nicht vom Rauchen abzukommen. Eigendlich ist Mr. Teeny weiblich, doch dies spielt für Krusty keine Rolle.',true,false,true,false,'adult','tv',true,'brown','brown',false,true,false,true,false,'bold',false,false,'hat'),(100,'Scratchy',null,null,'Scratchy ist eine Comic-Figur, welche von Chester Lampwick erfunden wurde. Scratchy ist eine schwarze Katze, welche ständig im Streit mit Itchy, einer blauen Maus ist. Diese Streits enden in der Regel mit Scratchys Tod auf brutale Weise.',true,false,true,false,'old','tv',true,'black','black',false,false,false,true,false,'victim',false,false,'none'),(101,'Knecht Ruprecht',null,null,'Knecht Ruprecht wurde in der Weinachtszeit von den Simpsons auf der Hunderennbahn "gefunden". Er ist außerdem sehr mager, und wenn ein neues Haustier kommt, sehr eifersüchtig.',true,false,true,true,'adult','unemployed',false,'brown','brown',false,false,false,true,false,'loyal',false,false,'none'),(102,'Kang',null,null,'Kang ist ein Außerirdischer vom Planeten Rigel 7. Eine Art Glaskuppel umhüllt seinen Kopf, vermutlich um ihn vor dem für ihn nicht verträglichen Sauerstoff zu schützen. Charakteristisch für ihn und seine Schwester Kodos ist ihr dämonisches, oft überlanges Lachen und ihre Mäuler, aus denen ständig Sabber trieft.',true,false,true,false,'adult','unemployed',true,'green','bald',false,false,false,false,false,'evil',false,true,'none')